<metadata xml:lang="en"><Esri><CreaDate>20240307</CreaDate><CreaTime>03365700</CreaTime><ArcGISFormat>1.0</ArcGISFormat><SyncOnce>FALSE</SyncOnce><DataProperties><itemProps><itemName Sync="TRUE">AL_TA_NS_2_158_eng_to_point</itemName><imsContentType Sync="TRUE">002</imsContentType><itemLocation><linkage Sync="TRUE">file://\\LAPTOP-I78165HS\C$\Users\charn\Downloads\AL_TA_NS_SHP_eng\AL_TA_NS_2_158_eng_to_point.shp</linkage><protocol Sync="TRUE">Local Area Network</protocol></itemLocation><itemSize Sync="TRUE">0.000</itemSize></itemProps><coordRef><type Sync="TRUE">Geographic</type><geogcsn Sync="TRUE">GCS_North_American_1983_CSRS</geogcsn><csUnits Sync="TRUE">Angular Unit: Degree (0.017453)</csUnits><peXml Sync="TRUE">&lt;GeographicCoordinateSystem xsi:type='typens:GeographicCoordinateSystem' xmlns:xsi='http://www.w3.org/2001/XMLSchema-instance' xmlns:xs='http://www.w3.org/2001/XMLSchema' xmlns:typens='http://www.esri.com/schemas/ArcGIS/3.2.0'&gt;&lt;WKT&gt;GEOGCS[&amp;quot;GCS_North_American_1983_CSRS&amp;quot;,DATUM[&amp;quot;D_North_American_1983_CSRS&amp;quot;,SPHEROID[&amp;quot;GRS_1980&amp;quot;,6378137.0,298.257222101]],PRIMEM[&amp;quot;Greenwich&amp;quot;,0.0],UNIT[&amp;quot;Degree&amp;quot;,0.0174532925199433],AUTHORITY[&amp;quot;EPSG&amp;quot;,4617]]&lt;/WKT&gt;&lt;XOrigin&gt;-400&lt;/XOrigin&gt;&lt;YOrigin&gt;-400&lt;/YOrigin&gt;&lt;XYScale&gt;11258999068426.238&lt;/XYScale&gt;&lt;ZOrigin&gt;-100000&lt;/ZOrigin&gt;&lt;ZScale&gt;10000&lt;/ZScale&gt;&lt;MOrigin&gt;-100000&lt;/MOrigin&gt;&lt;MScale&gt;10000&lt;/MScale&gt;&lt;XYTolerance&gt;8.983152841195215e-09&lt;/XYTolerance&gt;&lt;ZTolerance&gt;0.001&lt;/ZTolerance&gt;&lt;MTolerance&gt;0.001&lt;/MTolerance&gt;&lt;HighPrecision&gt;true&lt;/HighPrecision&gt;&lt;LeftLongitude&gt;-180&lt;/LeftLongitude&gt;&lt;WKID&gt;4140&lt;/WKID&gt;&lt;LatestWKID&gt;4617&lt;/LatestWKID&gt;&lt;/GeographicCoordinateSystem&gt;</peXml></coordRef><lineage><Process ToolSource="c:\program files\arcgis\pro\Resources\ArcToolbox\toolboxes\Data Management Tools.tbx\FeatureToPoint" Date="20240307" Time="033658">FeatureToPoint AL_TA C:\Users\charn\Downloads\ArcGISPro\Halifax_History\Halifax_History.gdb\AL_TA_FeatureToPoint CENTROID</Process><Process ToolSource="c:\program files\arcgis\pro\Resources\ArcToolbox\toolboxes\Conversion Tools.tbx\ExportFeatures" Date="20240307" Time="033803">ExportFeatures AL_TA_FeatureToPoint C:\Users\charn\Downloads\AL_TA_NS_SHP_eng\AL_TA_NS_2_158_eng_to_point.shp # NOT_USE_ALIAS "ACQTECH "ACQTECH" true true false 23 Text 0 0,First,#,AL_TA_FeatureToPoint,ACQTECH,0,22;METACOVER "METACOVER" true true false 8 Text 0 0,First,#,AL_TA_FeatureToPoint,METACOVER,0,7;CREDATE "CREDATE" true true false 8 Text 0 0,First,#,AL_TA_FeatureToPoint,CREDATE,0,7;REVDATE "REVDATE" true true false 8 Text 0 0,First,#,AL_TA_FeatureToPoint,REVDATE,0,7;ACCURACY "ACCURACY" true true false 2 Short 0 0,First,#,AL_TA_FeatureToPoint,ACCURACY,-1,-1;PROVIDER "PROVIDER" true true false 24 Text 0 0,First,#,AL_TA_FeatureToPoint,PROVIDER,0,23;DATASETNAM "DATASETNAM" true true false 2 Text 0 0,First,#,AL_TA_FeatureToPoint,DATASETNAM,0,1;SPECVERS "SPECVERS" true true false 10 Text 0 0,First,#,AL_TA_FeatureToPoint,SPECVERS,0,9;NID "NID" true true false 32 Text 0 0,First,#,AL_TA_FeatureToPoint,NID,0,31;ALCODE "ALCODE" true true false 10 Text 0 0,First,#,AL_TA_FeatureToPoint,ALCODE,0,9;LANGUAGE1 "LANGUAGE1" true true false 50 Text 0 0,First,#,AL_TA_FeatureToPoint,LANGUAGE1,0,49;NAME1 "NAME1" true true false 254 Text 0 0,First,#,AL_TA_FeatureToPoint,NAME1,0,253;LANGUAGE2 "LANGUAGE2" true true false 50 Text 0 0,First,#,AL_TA_FeatureToPoint,LANGUAGE2,0,49;NAME2 "NAME2" true true false 254 Text 0 0,First,#,AL_TA_FeatureToPoint,NAME2,0,253;LANGUAGE3 "LANGUAGE3" true true false 50 Text 0 0,First,#,AL_TA_FeatureToPoint,LANGUAGE3,0,49;NAME3 "NAME3" true true false 254 Text 0 0,First,#,AL_TA_FeatureToPoint,NAME3,0,253;LANGUAGE4 "LANGUAGE4" true true false 50 Text 0 0,First,#,AL_TA_FeatureToPoint,LANGUAGE4,0,49;NAME4 "NAME4" true true false 254 Text 0 0,First,#,AL_TA_FeatureToPoint,NAME4,0,253;LANGUAGE5 "LANGUAGE5" true true false 50 Text 0 0,First,#,AL_TA_FeatureToPoint,LANGUAGE5,0,49;NAME5 "NAME5" true true false 254 Text 0 0,First,#,AL_TA_FeatureToPoint,NAME5,0,253;JUR1 "JUR1" true true false 2 Text 0 0,First,#,AL_TA_FeatureToPoint,JUR1,0,1;JUR2 "JUR2" true true false 2 Text 0 0,First,#,AL_TA_FeatureToPoint,JUR2,0,1;JUR3 "JUR3" true true false 2 Text 0 0,First,#,AL_TA_FeatureToPoint,JUR3,0,1;JUR4 "JUR4" true true false 2 Text 0 0,First,#,AL_TA_FeatureToPoint,JUR4,0,1;ALTYPE "ALTYPE" true true false 30 Text 0 0,First,#,AL_TA_FeatureToPoint,ALTYPE,0,29;WEBREF "WEBREF" true true false 254 Text 0 0,First,#,AL_TA_FeatureToPoint,WEBREF,0,253;ORIG_FID "ORIG_FID" true true false 4 Long 0 0,First,#,AL_TA_FeatureToPoint,ORIG_FID,-1,-1" #</Process></lineage></DataProperties><SyncDate>20240307</SyncDate><SyncTime>03380300</SyncTime><ModDate>20240307</ModDate><ModTime>03380300</ModTime></Esri><dataIdInfo><envirDesc Sync="TRUE">Microsoft Windows 10 Version 10.0 (Build 22621) ; Esri ArcGIS 13.2.0.49743</envirDesc><dataLang><languageCode value="eng" Sync="TRUE"></languageCode><countryCode value="CAN" Sync="TRUE"></countryCode></dataLang><idCitation><resTitle Sync="TRUE">AL_TA_NS_2_158_eng_to_point</resTitle><presForm><PresFormCd value="005" Sync="TRUE"></PresFormCd></presForm></idCitation><spatRpType><SpatRepTypCd value="001" Sync="TRUE"></SpatRepTypCd></spatRpType></dataIdInfo><mdLang><languageCode value="eng" Sync="TRUE"></languageCode><countryCode value="CAN" Sync="TRUE"></countryCode></mdLang><distInfo><distFormat><formatName Sync="TRUE">Shapefile</formatName></distFormat><distTranOps><transSize Sync="TRUE">0.000</transSize></distTranOps></distInfo><mdHrLv><ScopeCd value="005" Sync="TRUE"></ScopeCd></mdHrLv><mdHrLvName Sync="TRUE">dataset</mdHrLvName><refSysInfo><RefSystem><refSysID><identCode code="4617" Sync="TRUE"></identCode><idCodeSpace Sync="TRUE">EPSG</idCodeSpace><idVersion Sync="TRUE">6.5(9.3.0.0)</idVersion></refSysID></RefSystem></refSysInfo><spatRepInfo><VectSpatRep><geometObjs Name="AL_TA_NS_2_158_eng_to_point"><geoObjTyp><GeoObjTypCd value="004" Sync="TRUE"></GeoObjTypCd></geoObjTyp><geoObjCnt Sync="TRUE">0</geoObjCnt></geometObjs><topLvl><TopoLevCd value="001" Sync="TRUE"></TopoLevCd></topLvl></VectSpatRep></spatRepInfo><spdoinfo><ptvctinf><esriterm Name="AL_TA_NS_2_158_eng_to_point"><efeatyp Sync="TRUE">Simple</efeatyp><efeageom code="1" Sync="TRUE"></efeageom><esritopo Sync="TRUE">FALSE</esritopo><efeacnt Sync="TRUE">0</efeacnt><spindex Sync="TRUE">FALSE</spindex><linrefer Sync="TRUE">FALSE</linrefer></esriterm></ptvctinf></spdoinfo><eainfo><detailed Name="AL_TA_NS_2_158_eng_to_point"><enttyp><enttypl Sync="TRUE">AL_TA_NS_2_158_eng_to_point</enttypl><enttypt Sync="TRUE">Feature Class</enttypt><enttypc Sync="TRUE">0</enttypc></enttyp><attr><attrlabl Sync="TRUE">FID</attrlabl><attalias Sync="TRUE">FID</attalias><attrtype Sync="TRUE">OID</attrtype><attwidth Sync="TRUE">4</attwidth><atprecis Sync="TRUE">0</atprecis><attscale Sync="TRUE">0</attscale><attrdef Sync="TRUE">Internal feature number.</attrdef><attrdefs Sync="TRUE">Esri</attrdefs><attrdomv><udom Sync="TRUE">Sequential unique whole numbers that are automatically generated.</udom></attrdomv></attr><attr><attrlabl Sync="TRUE">Shape</attrlabl><attalias Sync="TRUE">Shape</attalias><attrtype Sync="TRUE">Geometry</attrtype><attwidth Sync="TRUE">0</attwidth><atprecis Sync="TRUE">0</atprecis><attscale Sync="TRUE">0</attscale><attrdef Sync="TRUE">Feature geometry.</attrdef><attrdefs Sync="TRUE">Esri</attrdefs><attrdomv><udom Sync="TRUE">Coordinates defining the features.</udom></attrdomv></attr><attr><attrlabl Sync="TRUE">ACQTECH</attrlabl><attalias Sync="TRUE">ACQTECH</attalias><attrtype Sync="TRUE">String</attrtype><attwidth Sync="TRUE">23</attwidth><atprecis Sync="TRUE">0</atprecis><attscale Sync="TRUE">0</attscale></attr><attr><attrlabl Sync="TRUE">METACOVER</attrlabl><attalias Sync="TRUE">METACOVER</attalias><attrtype Sync="TRUE">String</attrtype><attwidth Sync="TRUE">8</attwidth><atprecis Sync="TRUE">0</atprecis><attscale Sync="TRUE">0</attscale></attr><attr><attrlabl Sync="TRUE">CREDATE</attrlabl><attalias Sync="TRUE">CREDATE</attalias><attrtype Sync="TRUE">String</attrtype><attwidth Sync="TRUE">8</attwidth><atprecis Sync="TRUE">0</atprecis><attscale Sync="TRUE">0</attscale></attr><attr><attrlabl Sync="TRUE">REVDATE</attrlabl><attalias Sync="TRUE">REVDATE</attalias><attrtype Sync="TRUE">String</attrtype><attwidth Sync="TRUE">8</attwidth><atprecis Sync="TRUE">0</atprecis><attscale Sync="TRUE">0</attscale></attr><attr><attrlabl Sync="TRUE">ACCURACY</attrlabl><attalias Sync="TRUE">ACCURACY</attalias><attrtype Sync="TRUE">Integer</attrtype><attwidth Sync="TRUE">5</attwidth><atprecis Sync="TRUE">5</atprecis><attscale Sync="TRUE">0</attscale></attr><attr><attrlabl Sync="TRUE">PROVIDER</attrlabl><attalias Sync="TRUE">PROVIDER</attalias><attrtype Sync="TRUE">String</attrtype><attwidth Sync="TRUE">24</attwidth><atprecis Sync="TRUE">0</atprecis><attscale Sync="TRUE">0</attscale></attr><attr><attrlabl Sync="TRUE">DATASETNAM</attrlabl><attalias Sync="TRUE">DATASETNAM</attalias><attrtype Sync="TRUE">String</attrtype><attwidth Sync="TRUE">2</attwidth><atprecis Sync="TRUE">0</atprecis><attscale Sync="TRUE">0</attscale></attr><attr><attrlabl Sync="TRUE">SPECVERS</attrlabl><attalias Sync="TRUE">SPECVERS</attalias><attrtype Sync="TRUE">String</attrtype><attwidth Sync="TRUE">10</attwidth><atprecis Sync="TRUE">0</atprecis><attscale Sync="TRUE">0</attscale></attr><attr><attrlabl Sync="TRUE">NID</attrlabl><attalias Sync="TRUE">NID</attalias><attrtype Sync="TRUE">String</attrtype><attwidth Sync="TRUE">32</attwidth><atprecis Sync="TRUE">0</atprecis><attscale Sync="TRUE">0</attscale></attr><attr><attrlabl Sync="TRUE">ALCODE</attrlabl><attalias Sync="TRUE">ALCODE</attalias><attrtype Sync="TRUE">String</attrtype><attwidth Sync="TRUE">10</attwidth><atprecis Sync="TRUE">0</atprecis><attscale Sync="TRUE">0</attscale></attr><attr><attrlabl Sync="TRUE">LANGUAGE1</attrlabl><attalias Sync="TRUE">LANGUAGE1</attalias><attrtype Sync="TRUE">String</attrtype><attwidth Sync="TRUE">50</attwidth><atprecis Sync="TRUE">0</atprecis><attscale Sync="TRUE">0</attscale></attr><attr><attrlabl Sync="TRUE">NAME1</attrlabl><attalias Sync="TRUE">NAME1</attalias><attrtype Sync="TRUE">String</attrtype><attwidth Sync="TRUE">254</attwidth><atprecis Sync="TRUE">0</atprecis><attscale Sync="TRUE">0</attscale></attr><attr><attrlabl Sync="TRUE">LANGUAGE2</attrlabl><attalias Sync="TRUE">LANGUAGE2</attalias><attrtype Sync="TRUE">String</attrtype><attwidth Sync="TRUE">50</attwidth><atprecis Sync="TRUE">0</atprecis><attscale Sync="TRUE">0</attscale></attr><attr><attrlabl Sync="TRUE">NAME2</attrlabl><attalias Sync="TRUE">NAME2</attalias><attrtype Sync="TRUE">String</attrtype><attwidth Sync="TRUE">254</attwidth><atprecis Sync="TRUE">0</atprecis><attscale Sync="TRUE">0</attscale></attr><attr><attrlabl Sync="TRUE">LANGUAGE3</attrlabl><attalias Sync="TRUE">LANGUAGE3</attalias><attrtype Sync="TRUE">String</attrtype><attwidth Sync="TRUE">50</attwidth><atprecis Sync="TRUE">0</atprecis><attscale Sync="TRUE">0</attscale></attr><attr><attrlabl Sync="TRUE">NAME3</attrlabl><attalias Sync="TRUE">NAME3</attalias><attrtype Sync="TRUE">String</attrtype><attwidth Sync="TRUE">254</attwidth><atprecis Sync="TRUE">0</atprecis><attscale Sync="TRUE">0</attscale></attr><attr><attrlabl Sync="TRUE">LANGUAGE4</attrlabl><attalias Sync="TRUE">LANGUAGE4</attalias><attrtype Sync="TRUE">String</attrtype><attwidth Sync="TRUE">50</attwidth><atprecis Sync="TRUE">0</atprecis><attscale Sync="TRUE">0</attscale></attr><attr><attrlabl Sync="TRUE">NAME4</attrlabl><attalias Sync="TRUE">NAME4</attalias><attrtype Sync="TRUE">String</attrtype><attwidth Sync="TRUE">254</attwidth><atprecis Sync="TRUE">0</atprecis><attscale Sync="TRUE">0</attscale></attr><attr><attrlabl Sync="TRUE">LANGUAGE5</attrlabl><attalias Sync="TRUE">LANGUAGE5</attalias><attrtype Sync="TRUE">String</attrtype><attwidth Sync="TRUE">50</attwidth><atprecis Sync="TRUE">0</atprecis><attscale Sync="TRUE">0</attscale></attr><attr><attrlabl Sync="TRUE">NAME5</attrlabl><attalias Sync="TRUE">NAME5</attalias><attrtype Sync="TRUE">String</attrtype><attwidth Sync="TRUE">254</attwidth><atprecis Sync="TRUE">0</atprecis><attscale Sync="TRUE">0</attscale></attr><attr><attrlabl Sync="TRUE">JUR1</attrlabl><attalias Sync="TRUE">JUR1</attalias><attrtype Sync="TRUE">String</attrtype><attwidth Sync="TRUE">2</attwidth><atprecis Sync="TRUE">0</atprecis><attscale Sync="TRUE">0</attscale></attr><attr><attrlabl Sync="TRUE">JUR2</attrlabl><attalias Sync="TRUE">JUR2</attalias><attrtype Sync="TRUE">String</attrtype><attwidth Sync="TRUE">2</attwidth><atprecis Sync="TRUE">0</atprecis><attscale Sync="TRUE">0</attscale></attr><attr><attrlabl Sync="TRUE">JUR3</attrlabl><attalias Sync="TRUE">JUR3</attalias><attrtype Sync="TRUE">String</attrtype><attwidth Sync="TRUE">2</attwidth><atprecis Sync="TRUE">0</atprecis><attscale Sync="TRUE">0</attscale></attr><attr><attrlabl Sync="TRUE">JUR4</attrlabl><attalias Sync="TRUE">JUR4</attalias><attrtype Sync="TRUE">String</attrtype><attwidth Sync="TRUE">2</attwidth><atprecis Sync="TRUE">0</atprecis><attscale Sync="TRUE">0</attscale></attr><attr><attrlabl Sync="TRUE">ALTYPE</attrlabl><attalias Sync="TRUE">ALTYPE</attalias><attrtype Sync="TRUE">String</attrtype><attwidth Sync="TRUE">30</attwidth><atprecis Sync="TRUE">0</atprecis><attscale Sync="TRUE">0</attscale></attr><attr><attrlabl Sync="TRUE">WEBREF</attrlabl><attalias Sync="TRUE">WEBREF</attalias><attrtype Sync="TRUE">String</attrtype><attwidth Sync="TRUE">254</attwidth><atprecis Sync="TRUE">0</atprecis><attscale Sync="TRUE">0</attscale></attr><attr><attrlabl Sync="TRUE">ORIG_FID</attrlabl><attalias Sync="TRUE">ORIG_FID</attalias><attrtype Sync="TRUE">Integer</attrtype><attwidth Sync="TRUE">10</attwidth><atprecis Sync="TRUE">10</atprecis><attscale Sync="TRUE">0</attscale></attr></detailed></eainfo><mdDateSt Sync="TRUE">20240307</mdDateSt></metadata>
